{
  "future/axis_angle_residual": [
    0.06531116,
    0.028233396,
    -0.10433889,
    0.118272565,
    0.066433854,
    -0.32908016,
    0.15050131,
    0.10338886,
    -0.5731671,
    0.16865945,
    0.101577915,
    -0.7347764,
    0.14805277,
    0.17137694,
    -0.8378928,
    0.16479869,
    0.3099496,
    -0.73942095,
    0.19365971,
    0.32334936,
    -0.74640954,
    0.19780499,
    0.31904233,
    -0.74699795,
    0.1924869,
    0.30799732,
    -0.74471444,
    0.18150732,
    0.28923333,
    -0.7422648
  ],
  "future/target_close": [0, 0, 0, 0, 0, 0, 0, 0, 0, 0],
  "future/xyz_residual": [
    -0.0005972001,
    -0.0002693897,
    0.011027324,
    0.0072683524,
    0.0033568586,
    0.02207386,
    0.017733725,
    0.009994487,
    0.029810837,
    0.042164586,
    0.019801091,
    0.031932294,
    0.06832644,
    0.06497148,
    0.061030917,
    0.09605751,
    0.11881518,
    0.09457892,
    0.085801,
    0.13284275,
    0.116288446,
    0.08515493,
    0.1323342,
    0.11644688,
    0.08297325,
    0.1283938,
    0.111773305,
    0.078313544,
    0.12160055,
    0.09931588
  ]
}
